https://www.federalreserve.gov/fomc/19940204default.htm,19940204
https://www.federalreserve.gov/fomc/19940322default.htm,19940322
https://www.federalreserve.gov/fomc/19940418default.htm,19940418
https://www.federalreserve.gov/fomc/19940517default.htm,19940517
https://www.federalreserve.gov/fomc/19940816default.htm,19940816
https://www.federalreserve.gov/fomc/19941115default.htm,19941115
https://www.federalreserve.gov/fomc/19950201default.htm,19950201
https://www.federalreserve.gov/fomc/19950706default.htm,19950706
https://www.federalreserve.gov/fomc/19951219default.htm,19951219
https://www.federalreserve.gov/fomc/19960131DEFAULT.htm,19960131
https://www.federalreserve.gov/boarddocs/press/general/1997/19970325/,19970325
https://www.federalreserve.gov/boarddocs/press/general/1998/19980929/,19980929
https://www.federalreserve.gov/boarddocs/press/general/1998/19981015/,19981015
https://www.federalreserve.gov/boarddocs/press/general/1998/19981117/,19981117
https://www.federalreserve.gov/boarddocs/press/general/1999/19990518/,19990518
https://www.federalreserve.gov/boarddocs/press/general/1999/19990630/,19990630
https://www.federalreserve.gov/boarddocs/press/general/1999/19990824/,19990824
https://www.federalreserve.gov/boarddocs/press/general/1999/19991005/,19991005
https://www.federalreserve.gov/boarddocs/press/general/1999/19991116/,19991116
https://www.federalreserve.gov/boarddocs/press/general/1999/19991221/,19991221
https://www.federalreserve.gov/boarddocs/press/general/2000/20000202/,20000202
https://www.federalreserve.gov/boarddocs/press/general/2000/20000321/,20000321
https://www.federalreserve.gov/boarddocs/press/general/2000/20000516/,20000516
https://www.federalreserve.gov/boarddocs/press/general/2000/20000628/,20000628
https://www.federalreserve.gov/boarddocs/press/general/2000/20000822/,20000822
https://www.federalreserve.gov/boarddocs/press/general/2000/20001003/,20001003
https://www.federalreserve.gov/boarddocs/press/general/2000/20001115/,20001115
https://www.federalreserve.gov/boarddocs/press/general/2000/20001219/,20001219
https://www.federalreserve.gov/boarddocs/press/general/2001/20010103/,20010103
https://www.federalreserve.gov/boarddocs/press/general/2001/20010131/,20010131
https://www.federalreserve.gov/boarddocs/press/general/2001/20010320/,20010320
https://www.federalreserve.gov/boarddocs/press/general/2001/20010418/,20010418
https://www.federalreserve.gov/boarddocs/press/general/2001/20010515/,20010515
https://www.federalreserve.gov/boarddocs/press/general/2001/20010627/,20010627
https://www.federalreserve.gov/boarddocs/press/general/2001/20010821/,20010821
https://www.federalreserve.gov/boarddocs/press/general/2001/20010917/,20010917
https://www.federalreserve.gov/boarddocs/press/general/2001/20011002/,20011002
https://www.federalreserve.gov/boarddocs/press/general/2001/20011106/,20011106
https://www.federalreserve.gov/boarddocs/press/general/2001/20011211/,20011211
https://www.federalreserve.gov/boarddocs/press/general/2002/20020130/,20020130
https://www.federalreserve.gov/boarddocs/press/general/2002/20020319/,20020319
https://www.federalreserve.gov/boarddocs/press/monetary/2002/20020507/,20020507
https://www.federalreserve.gov/boarddocs/press/monetary/2002/20020626/,20020626
https://www.federalreserve.gov/boarddocs/press/monetary/2002/20020813/,20020813
https://www.federalreserve.gov/boarddocs/press/monetary/2002/20020924/,20020924
https://www.federalreserve.gov/boarddocs/press/monetary/2002/20021106/,20021106
https://www.federalreserve.gov/boarddocs/press/monetary/2002/20021210/,20021210
https://www.federalreserve.gov/boarddocs/press/monetary/2003/20030129/default.htm,20030129
https://www.federalreserve.gov/boarddocs/press/monetary/2003/20030318/default.htm,20030318
https://www.federalreserve.gov/boarddocs/press/monetary/2003/20030506/default.htm,20030506
https://www.federalreserve.gov/boarddocs/press/monetary/2003/20030625/default.htm,20030625
https://www.federalreserve.gov/boarddocs/press/monetary/2003/20030812/default.htm,20030812
https://www.federalreserve.gov/boarddocs/press/monetary/2003/20030916/default.htm,20030916
https://www.federalreserve.gov/boarddocs/press/monetary/2003/20031028/default.htm,20031028
https://www.federalreserve.gov/boarddocs/press/monetary/2003/20031209/default.htm,20031209
https://www.federalreserve.gov/boarddocs/press/monetary/2004/20040128/default.htm,20040128
https://www.federalreserve.gov/boarddocs/press/monetary/2004/20040316/default.htm,20040316
https://www.federalreserve.gov/boarddocs/press/monetary/2004/20040504/default.htm,20040504
https://www.federalreserve.gov/boarddocs/press/monetary/2004/20040630/default.htm,20040630
https://www.federalreserve.gov/boarddocs/press/monetary/2004/20040810/default.htm,20040810
https://www.federalreserve.gov/boarddocs/press/monetary/2004/20040921/default.htm,20040921
https://www.federalreserve.gov/boarddocs/press/monetary/2004/20041110/default.htm,20041110
https://www.federalreserve.gov/boarddocs/press/monetary/2004/20041214/default.htm,20041214
https://www.federalreserve.gov/boarddocs/press/monetary/2005/20050202/default.htm,20050202
https://www.federalreserve.gov/boarddocs/press/monetary/2005/20050322/default.htm,20050322
https://www.federalreserve.gov/boarddocs/press/monetary/2005/20050503/default.htm,20050503
https://www.federalreserve.gov/boarddocs/press/monetary/2005/20050630/default.htm,20050630
https://www.federalreserve.gov/boarddocs/press/monetary/2005/20050809/default.htm,20050809
https://www.federalreserve.gov/boarddocs/press/monetary/2005/20050920/,20050920
https://www.federalreserve.gov/boarddocs/press/monetary/2005/20051101/,20051101
https://www.federalreserve.gov/boarddocs/press/monetary/2005/20051213/,20051213
https://www.federalreserve.gov/newsevents/press/monetary/20060131a.htm,20060131
https://www.federalreserve.gov/newsevents/press/monetary/20060328a.htm,20060328
https://www.federalreserve.gov/newsevents/press/monetary/20060510a.htm,20060510
https://www.federalreserve.gov/newsevents/press/monetary/20060629a.htm,20060629
https://www.federalreserve.gov/newsevents/press/monetary/20060808a.htm,20060808
https://www.federalreserve.gov/newsevents/press/monetary/20060920a.htm,20060920
https://www.federalreserve.gov/newsevents/press/monetary/20061025a.htm,20061025
https://www.federalreserve.gov/newsevents/press/monetary/20061212a.htm,20061212
https://www.federalreserve.gov/newsevents/press/monetary/20070131a.htm,20070131
https://www.federalreserve.gov/newsevents/press/monetary/20070321a.htm,20070321
https://www.federalreserve.gov/newsevents/press/monetary/20070509a.htm,20070509
https://www.federalreserve.gov/newsevents/press/monetary/20070618a.htm,20070618
https://www.federalreserve.gov/newsevents/press/monetary/20070807a.htm,20070807
https://www.federalreserve.gov/newsevents/press/monetary/20070810a.htm,20070810
https://www.federalreserve.gov/newsevents/press/monetary/20070817b.htm,20070817
https://www.federalreserve.gov/newsevents/press/monetary/20070918a.htm,20070918
https://www.federalreserve.gov/newsevents/press/monetary/20071031a.htm,20071031
https://www.federalreserve.gov/newsevents/press/monetary/20071211a.htm,20071211
https://www.federalreserve.gov/newsevents/press/monetary/20080122b.htm,20080122
https://www.federalreserve.gov/newsevents/press/monetary/20080130a.htm,20080130
https://www.federalreserve.gov/newsevents/press/monetary/20080311a.htm,20080311
https://www.federalreserve.gov/newsevents/press/monetary/20080318a.htm,20080318
https://www.federalreserve.gov/newsevents/press/monetary/20080430a.htm,20080430
https://www.federalreserve.gov/newsevents/press/monetary/20080625a.htm,20080625
https://www.federalreserve.gov/newsevents/press/monetary/20080805a.htm,20080805
https://www.federalreserve.gov/newsevents/press/monetary/20080916a.htm,20080916
https://www.federalreserve.gov/newsevents/press/monetary/20081008a.htm,20081008
https://www.federalreserve.gov/newsevents/press/monetary/20081029a.htm,20081029
https://www.federalreserve.gov/newsevents/press/monetary/20081216b.htm,20081216
https://www.federalreserve.gov/newsevents/press/monetary/20090128a.htm,20090128
https://www.federalreserve.gov/newsevents/press/monetary/20090318a.htm,20090318
https://www.federalreserve.gov/newsevents/press/monetary/20090429a.htm,20090429
https://www.federalreserve.gov/newsevents/press/monetary/20090624a.htm,20090624
https://www.federalreserve.gov/newsevents/press/monetary/20090812a.htm,20090812
https://www.federalreserve.gov/newsevents/press/monetary/20090923a.htm,20090923
https://www.federalreserve.gov/newsevents/press/monetary/20091104a.htm,20091104
https://www.federalreserve.gov/newsevents/press/monetary/20091216a.htm,20091216
https://www.federalreserve.gov/newsevents/press/monetary/20100127a.htm,20100127
https://www.federalreserve.gov/newsevents/press/monetary/20100316a.htm,20100316
https://www.federalreserve.gov/newsevents/press/monetary/20100428a.htm,20100428
https://www.federalreserve.gov/newsevents/press/monetary/20100509a.htm,20100509
https://www.federalreserve.gov/newsevents/press/monetary/20100623a.htm,20100623
https://www.federalreserve.gov/newsevents/press/monetary/20100810a.htm,20100810
https://www.federalreserve.gov/newsevents/press/monetary/20100921a.htm,20100921
https://www.federalreserve.gov/newsevents/press/monetary/20101103a.htm,20101103
https://www.federalreserve.gov/newsevents/press/monetary/20101214a.htm,20101214
https://www.federalreserve.gov/newsevents/press/monetary/20110126a.htm,20110126
https://www.federalreserve.gov/newsevents/press/monetary/20110315a.htm,20110315
https://www.federalreserve.gov/newsevents/press/monetary/20110427a.htm,20110427
https://www.federalreserve.gov/newsevents/press/monetary/20110622a.htm,20110622
https://www.federalreserve.gov/newsevents/press/monetary/20110809a.htm,20110809
https://www.federalreserve.gov/newsevents/press/monetary/20110921a.htm,20110921
https://www.federalreserve.gov/newsevents/press/monetary/20111102a.htm,20111102
https://www.federalreserve.gov/newsevents/press/monetary/20111213a.htm,20111213
https://www.federalreserve.gov/newsevents/press/monetary/20120125a.htm,20120125
https://www.federalreserve.gov/newsevents/press/monetary/20120313a.htm,20120313
https://www.federalreserve.gov/newsevents/press/monetary/20120425a.htm,20120425
https://www.federalreserve.gov/newsevents/press/monetary/20120620a.htm,20120620
https://www.federalreserve.gov/newsevents/press/monetary/20120801a.htm,20120801
https://www.federalreserve.gov/newsevents/press/monetary/20120913a.htm,20120913
https://www.federalreserve.gov/newsevents/press/monetary/20121024a.htm,20121024
https://www.federalreserve.gov/newsevents/press/monetary/20121212a.htm,20121212
https://www.federalreserve.gov/newsevents/press/monetary/20130130a.htm,20130130
https://www.federalreserve.gov/newsevents/press/monetary/20130320a.htm,20130320
https://www.federalreserve.gov/newsevents/press/monetary/20130501a.htm,20130501
https://www.federalreserve.gov/newsevents/press/monetary/20130619a.htm,20130619
https://www.federalreserve.gov/newsevents/press/monetary/20130731a.htm,20130731
https://www.federalreserve.gov/newsevents/press/monetary/20130918a.htm,20130918
https://www.federalreserve.gov/newsevents/press/monetary/20131030a.htm,20131030
https://www.federalreserve.gov/newsevents/press/monetary/20131218a.htm,20131218
https://www.federalreserve.gov/newsevents/press/monetary/20140129a.htm,20140129
https://www.federalreserve.gov/newsevents/press/monetary/20140319a.htm,20140319
https://www.federalreserve.gov/newsevents/press/monetary/20140430a.htm,20140430
https://www.federalreserve.gov/newsevents/press/monetary/20140618a.htm,20140618
https://www.federalreserve.gov/newsevents/press/monetary/20140730a.htm,20140730
https://www.federalreserve.gov/newsevents/press/monetary/20140917a.htm,20140917
https://www.federalreserve.gov/newsevents/press/monetary/20141029a.htm,20141029
https://www.federalreserve.gov/newsevents/press/monetary/20141217a.htm,20141217
https://www.federalreserve.gov/newsevents/press/monetary/20150128a.htm,20150128
https://www.federalreserve.gov/newsevents/pressreleases/monetary20150318a.htm,20150318
https://www.federalreserve.gov/newsevents/pressreleases/monetary20150429a.htm,20150429
https://www.federalreserve.gov/newsevents/pressreleases/monetary20150617a.htm,20150617
https://www.federalreserve.gov/newsevents/pressreleases/monetary20150729a.htm,20150729
https://www.federalreserve.gov/newsevents/pressreleases/monetary20150917a.htm,20150917
https://www.federalreserve.gov/newsevents/pressreleases/monetary20151028a.htm,20151028
https://www.federalreserve.gov/newsevents/pressreleases/monetary20151216a.htm,20151216
https://www.federalreserve.gov/newsevents/pressreleases/monetary20160127a.htm,20160127
https://www.federalreserve.gov/newsevents/pressreleases/monetary20160316a.htm,20160316
https://www.federalreserve.gov/newsevents/pressreleases/monetary20160427a.htm,20160427
https://www.federalreserve.gov/newsevents/pressreleases/monetary20160615a.htm,20160615
https://www.federalreserve.gov/newsevents/pressreleases/monetary20160727a.htm,20160727
https://www.federalreserve.gov/newsevents/pressreleases/monetary20160921a.htm,20160921
https://www.federalreserve.gov/newsevents/pressreleases/monetary20161102a.htm,20161102
https://www.federalreserve.gov/newsevents/pressreleases/monetary20161214a.htm,20161214
https://www.federalreserve.gov/newsevents/pressreleases/monetary20170201a.htm,20170201
https://www.federalreserve.gov/newsevents/pressreleases/monetary20170315a.htm,20170315
https://www.federalreserve.gov/newsevents/pressreleases/monetary20170503a.htm,20170503
https://www.federalreserve.gov/newsevents/pressreleases/monetary20170614a.htm,20170614
https://www.federalreserve.gov/newsevents/pressreleases/monetary20170726a.htm,20170726
https://www.federalreserve.gov/newsevents/pressreleases/monetary20170920a.htm,20170920
https://www.federalreserve.gov/newsevents/pressreleases/monetary20171101a.htm,20171101
https://www.federalreserve.gov/newsevents/pressreleases/monetary20171213a.htm,20171213
https://www.federalreserve.gov/newsevents/pressreleases/monetary20180131a.htm,20180131
https://www.federalreserve.gov/newsevents/pressreleases/monetary20180321a.htm,20180321
https://www.federalreserve.gov/newsevents/pressreleases/monetary20180502a.htm,20180502
https://www.federalreserve.gov/newsevents/pressreleases/monetary20180613a.htm,20180613
https://www.federalreserve.gov/newsevents/pressreleases/monetary20180801a.htm,20180801
https://www.federalreserve.gov/newsevents/pressreleases/monetary20180926a.htm,20180926
https://www.federalreserve.gov/newsevents/pressreleases/monetary20181108a.htm,20181108
https://www.federalreserve.gov/newsevents/pressreleases/monetary20181219a.htm,20181219
https://www.federalreserve.gov/newsevents/pressreleases/monetary20190130a.htm,20190130
https://www.federalreserve.gov/newsevents/pressreleases/monetary20190320a.htm,20190320
https://www.federalreserve.gov/newsevents/pressreleases/monetary20190501a.htm,20190501
https://www.federalreserve.gov/newsevents/pressreleases/monetary20190619a.htm,20190619
https://www.federalreserve.gov/newsevents/pressreleases/monetary20190731a.htm,20190731
https://www.federalreserve.gov/newsevents/pressreleases/monetary20190918a.htm,20190918
https://www.federalreserve.gov/newsevents/pressreleases/monetary20191011a.htm,20191011
https://www.federalreserve.gov/newsevents/pressreleases/monetary20191030a.htm,20191030
https://www.federalreserve.gov/newsevents/pressreleases/monetary20191211a.htm,20191211
https://www.federalreserve.gov/newsevents/pressreleases/monetary20200129a.htm,20200129
https://www.federalreserve.gov/newsevents/pressreleases/monetary20200303a.htm,20200303
https://www.federalreserve.gov/newsevents/pressreleases/monetary20200315a.htm,20200315
https://www.federalreserve.gov/newsevents/pressreleases/monetary20200323a.htm,20200323
https://www.federalreserve.gov/newsevents/pressreleases/monetary20200429a.htm,20200429
https://www.federalreserve.gov/newsevents/pressreleases/monetary20200610a.htm,20200610
https://www.federalreserve.gov/newsevents/pressreleases/monetary20200729a.htm,20200729
https://www.federalreserve.gov/newsevents/pressreleases/monetary20200916a.htm,20200916
https://www.federalreserve.gov/newsevents/pressreleases/monetary20201105a.htm,20201105
https://www.federalreserve.gov/newsevents/pressreleases/monetary20201216a.htm,20201216
https://www.federalreserve.gov/newsevents/pressreleases/monetary20210127a.htm,20210127
https://www.federalreserve.gov/newsevents/pressreleases/monetary20210317a.htm,20210317
https://www.federalreserve.gov/newsevents/pressreleases/monetary20210428a.htm,20210428
https://www.federalreserve.gov/newsevents/pressreleases/monetary20210616a.htm,20210616
https://www.federalreserve.gov/newsevents/pressreleases/monetary20210728a.htm,20210728
https://www.federalreserve.gov/newsevents/pressreleases/monetary20210922a.htm,20210922
https://www.federalreserve.gov/newsevents/pressreleases/monetary20211103a.htm,20211103
https://www.federalreserve.gov/newsevents/pressreleases/monetary20211215a.htm,20211215
https://www.federalreserve.gov/newsevents/pressreleases/monetary20220126a.htm,20220126
https://www.federalreserve.gov/newsevents/pressreleases/monetary20220316a.htm,20220316
https://www.federalreserve.gov/newsevents/pressreleases/monetary20220504a.htm,20220504
https://www.federalreserve.gov/newsevents/pressreleases/monetary20220615a.htm,20220615
https://www.federalreserve.gov/newsevents/pressreleases/monetary20220727a.htm,20220727
https://www.federalreserve.gov/newsevents/pressreleases/monetary20220921a.htm,20220921
https://www.federalreserve.gov/newsevents/pressreleases/monetary20221102a.htm,20221102
https://www.federalreserve.gov/newsevents/pressreleases/monetary20221214a.htm,20221214
https://www.federalreserve.gov/newsevents/pressreleases/monetary20230201a.htm,20230201
https://www.federalreserve.gov/newsevents/pressreleases/monetary20230322a.htm,20230322
https://www.federalreserve.gov/newsevents/pressreleases/monetary20230503a.htm,20230503
https://www.federalreserve.gov/newsevents/pressreleases/monetary20230614a.htm,20230614
https://www.federalreserve.gov/newsevents/pressreleases/monetary20230726a.htm,20230726
https://www.federalreserve.gov/newsevents/pressreleases/monetary20230920a.htm,20230920
https://www.federalreserve.gov/newsevents/pressreleases/monetary20231101a.htm,20231101
